{"sampler":"smote_tomek","model":"random_forest","cv_f1_mean":0.8781486065,"cv_f1_orig":0.8600408293,"test_f1":0.8920962199,"test_roc_auc":0.9238095238,"pr_auc":0.9800287897,"holdout_f1":0.5066275101,"holdout_roc_auc":0.7652439024,"confusion_matrices":[[52,0],[16,89]]}
{"sampler":"smote_tomek","model":"logistic_regression","cv_f1_mean":0.8792341651,"cv_f1_orig":1.0,"test_f1":0.9311403509,"test_roc_auc":0.9523809524,"pr_auc":0.9956270702,"holdout_f1":0.5855263158,"holdout_roc_auc":0.9268292683,"confusion_matrices":[[52,0],[10,95]]}
{"sampler":"smote_tomek","model":"decision_tree","cv_f1_mean":0.7859166505,"cv_f1_orig":0.5696349893,"test_f1":0.8231760731,"test_roc_auc":0.8714285714,"pr_auc":0.9574158326,"holdout_f1":0.4374701036,"holdout_roc_auc":0.8079268293,"confusion_matrices":[[52,0],[27,78]]}
{"sampler":"smote_tomek","model":"knn","cv_f1_mean":0.5529098419,"cv_f1_orig":0.4939612997,"test_f1":0.7001990818,"test_roc_auc":0.7761904762,"pr_auc":0.979496512,"holdout_f1":0.3229291717,"holdout_roc_auc":0.4695121951,"confusion_matrices":[[52,0],[47,58]]}
{"sampler":"smote_tomek","model":"svm","cv_f1_mean":0.9664276106,"cv_f1_orig":1.0,"test_f1":0.9787349316,"test_roc_auc":0.9857142857,"pr_auc":1.0,"holdout_f1":0.5022222222,"holdout_roc_auc":0.6585365854,"confusion_matrices":[[52,0],[3,102]]}
{"sampler":"random_over_under","model":"random_forest","cv_f1_mean":0.9254823891,"cv_f1_orig":0.8600408293,"test_f1":0.8666545718,"test_roc_auc":0.8668359942,"pr_auc":0.9698387088,"holdout_f1":0.743902439,"holdout_roc_auc":0.743902439,"confusion_matrices":[[45,8],[6,46]]}
{"sampler":"random_over_under","model":"logistic_regression","cv_f1_mean":0.942231842,"cv_f1_orig":1.0,"test_f1":0.9329440744,"test_roc_auc":0.9326923077,"pr_auc":0.9898533686,"holdout_f1":0.5831265509,"holdout_roc_auc":0.8170731707,"confusion_matrices":[[53,0],[7,45]]}
{"sampler":"random_over_under","model":"decision_tree","cv_f1_mean":0.8451894763,"cv_f1_orig":0.5696349893,"test_f1":0.7678703021,"test_roc_auc":0.7726777939,"pr_auc":0.8327244028,"holdout_f1":0.6161993769,"holdout_roc_auc":0.7225609756,"confusion_matrices":[[34,19],[5,47]]}
{"sampler":"random_over_under","model":"knn","cv_f1_mean":0.5452732015,"cv_f1_orig":0.4939612997,"test_f1":0.5655172414,"test_roc_auc":0.625,"pr_auc":0.9514652015,"holdout_f1":0.2420094787,"holdout_roc_auc":0.5152439024,"confusion_matrices":[[53,0],[39,13]]}
{"sampler":"random_over_under","model":"svm","cv_f1_mean":0.9808218721,"cv_f1_orig":1.0,"test_f1":0.971387047,"test_roc_auc":0.9711538462,"pr_auc":1.0,"holdout_f1":0.4735649043,"holdout_roc_auc":0.7347560976,"confusion_matrices":[[53,0],[3,49]]}
{"sampler":"adasyn_nearmiss","model":"random_forest","cv_f1_mean":0.8560885587,"cv_f1_orig":0.8600408293,"test_f1":0.8237288136,"test_roc_auc":0.8269230769,"pr_auc":0.9393990438,"holdout_f1":0.4767063922,"holdout_roc_auc":0.737804878,"confusion_matrices":[[50,2],[16,36]]}
{"sampler":"adasyn_nearmiss","model":"logistic_regression","cv_f1_mean":0.8095678106,"cv_f1_orig":1.0,"test_f1":0.7894939759,"test_roc_auc":0.7980769231,"pr_auc":0.9763162943,"holdout_f1":0.4925137904,"holdout_roc_auc":0.8597560976,"confusion_matrices":[[52,0],[21,31]]}
{"sampler":"adasyn_nearmiss","model":"decision_tree","cv_f1_mean":0.7625965832,"cv_f1_orig":0.5696349893,"test_f1":0.8003072197,"test_roc_auc":0.8076923077,"pr_auc":0.9038461538,"holdout_f1":0.4280998556,"holdout_roc_auc":0.7987804878,"confusion_matrices":[[52,0],[20,32]]}
{"sampler":"adasyn_nearmiss","model":"knn","cv_f1_mean":0.4446841094,"cv_f1_orig":0.4939612997,"test_f1":0.4135338346,"test_roc_auc":0.5384615385,"pr_auc":0.8894230769,"holdout_f1":0.1782310953,"holdout_roc_auc":0.5884146341,"confusion_matrices":[[52,0],[48,4]]}
{"sampler":"adasyn_nearmiss","model":"svm","cv_f1_mean":0.9735444486,"cv_f1_orig":1.0,"test_f1":0.9903837263,"test_roc_auc":0.9903846154,"pr_auc":1.0,"holdout_f1":0.4681587278,"holdout_roc_auc":0.625,"confusion_matrices":[[52,0],[1,51]]}
