true_label,predicted_label,proba_yes
1,1,0.99701333
0,1,0.9432218
1,1,0.82138085
0,1,0.58102006
1,0,0.38243878
0,1,0.58102006
