true_label,predicted_label,proba_yes
1,0,0.4859999999999998
0,0,0.4859999999999998
1,0,0.4859999999999998
0,0,0.4859999999999998
1,0,0.4859999999999998
0,0,0.4859999999999998
