true_label,predicted_label,proba_yes
1,0,0.467502
0,1,0.99278814
1,1,0.9902992
0,0,0.17980295
1,1,0.9716135
0,0,0.1737379
