true_label,predicted_label,proba_yes
1,0,0.49941221217184434
0,0,0.4948197152425386
1,0,0.49950300582615276
0,0,0.49668881906811474
1,0,0.4971709345341019
0,0,0.494998356694978
