true_label,predicted_label,proba_yes
1,1,0.5024648824230624
0,1,0.5028042682539274
1,1,0.5040942732263097
0,0,0.49748348652320984
1,1,0.506723253298536
0,0,0.49920718534805936
