{"undersampler":"random_undersampling","model":"random_forest","cv_f1_mean":0.3333333333,"cv_f1_orig":0.7077614149,"test_f1":0.3333333333,"test_roc_auc":0.5,"pr_auc":0.75,"holdout_f1":0.0224719101,"holdout_roc_auc":0.5,"confusion_matrices":[[3,0],[3,0]]}
{"undersampler":"random_undersampling","model":"logistic_regression","cv_f1_mean":0.5266666667,"cv_f1_orig":0.9660818713,"test_f1":0.3333333333,"test_roc_auc":0.5,"pr_auc":1.0,"holdout_f1":0.376344086,"holdout_roc_auc":0.75,"confusion_matrices":[[3,0],[3,0]]}
{"undersampler":"random_undersampling","model":"decision_tree","cv_f1_mean":0.3333333333,"cv_f1_orig":0.5849503167,"test_f1":0.3333333333,"test_roc_auc":0.5,"pr_auc":0.75,"holdout_f1":0.6956268222,"holdout_roc_auc":0.625,"confusion_matrices":[[0,3],[0,3]]}
{"undersampler":"tomek_links","model":"random_forest","cv_f1_mean":0.758356856,"cv_f1_orig":0.7077614149,"test_f1":0.4932126697,"test_roc_auc":0.5,"pr_auc":0.9984342013,"holdout_f1":0.9271051529,"holdout_roc_auc":0.875,"confusion_matrices":[[0,3],[0,109]]}
{"undersampler":"tomek_links","model":"logistic_regression","cv_f1_mean":0.7632315271,"cv_f1_orig":0.9660818713,"test_f1":0.7454545455,"test_roc_auc":0.6666666667,"pr_auc":0.9996663749,"holdout_f1":0.9271051529,"holdout_roc_auc":0.875,"confusion_matrices":[[1,2],[0,109]]}
{"undersampler":"tomek_links","model":"decision_tree","cv_f1_mean":0.5496104898,"cv_f1_orig":0.5849503167,"test_f1":0.5881462254,"test_roc_auc":0.9220183486,"pr_auc":0.9979112058,"holdout_f1":0.5843287148,"holdout_roc_auc":0.8191176471,"confusion_matrices":[[3,0],[17,92]]}
{"undersampler":"nearmiss","model":"random_forest","cv_f1_mean":0.3333333333,"cv_f1_orig":0.7077614149,"test_f1":0.3333333333,"test_roc_auc":0.5,"pr_auc":0.75,"holdout_f1":0.0224719101,"holdout_roc_auc":0.5,"confusion_matrices":[[3,0],[3,0]]}
{"undersampler":"nearmiss","model":"logistic_regression","cv_f1_mean":0.6533333333,"cv_f1_orig":0.9660818713,"test_f1":0.8285714286,"test_roc_auc":0.8333333333,"pr_auc":0.9027777778,"holdout_f1":0.3639462767,"holdout_roc_auc":0.7382352941,"confusion_matrices":[[2,1],[0,3]]}
{"undersampler":"nearmiss","model":"decision_tree","cv_f1_mean":0.3333333333,"cv_f1_orig":0.5849503167,"test_f1":0.4857142857,"test_roc_auc":0.5,"pr_auc":0.5833333333,"holdout_f1":0.2393775136,"holdout_roc_auc":0.6323529412,"confusion_matrices":[[2,1],[2,1]]}
