{"oversampler":"random_oversampling","model":"random_forest","cv_f1_mean":0.9343444004,"cv_f1_std":0.0395305316,"cv_roc_auc_mean":0.9880162966,"cv_roc_auc_std":0.0096173758,"cv_f1_orig":0.7832960949,"cv_roc_auc_orig":0.9673512008,"train_f1":0.8950998894,"test_f1":0.8806937779,"f1_gap":0.0144061115,"train_roc_auc":0.8951612903,"test_roc_auc":0.880733945,"roc_auc_gap":0.0144273454,"pr_auc":0.9832489225,"no_precision":0.8952380952,"no_recall":0.8623853211,"no_f1":0.8785046729,"yes_precision":0.8672566372,"yes_recall":0.8990825688,"yes_f1":0.8828828829,"test_imbalanced_f1":0.5689922481,"test_imbalanced_roc_auc":0.7781862745,"test_imbalanced_no_f1":0.2,"holdout_f1":0.6705985146,"holdout_roc_auc":0.9617647059,"holdout_no_f1":0.380952381,"confusion_matrix":[[94,15],[11,98]]}
{"oversampler":"random_oversampling","model":"logistic_regression","cv_f1_mean":0.9746530152,"cv_f1_std":0.0112645992,"cv_roc_auc_mean":1.0,"cv_roc_auc_std":4.965068306e-17,"cv_f1_orig":0.9321637427,"cv_roc_auc_orig":0.9879411765,"train_f1":0.9988479247,"test_f1":0.9724561995,"f1_gap":0.0263917253,"train_roc_auc":0.9988479263,"test_roc_auc":0.9724770642,"roc_auc_gap":0.026370862,"pr_auc":0.9995192409,"no_precision":0.947826087,"no_recall":1.0,"no_f1":0.9732142857,"yes_precision":1.0,"yes_recall":0.9449541284,"yes_f1":0.9716981132,"test_imbalanced_f1":0.9267264101,"test_imbalanced_roc_auc":0.9963235294,"test_imbalanced_no_f1":0.8571428571,"holdout_f1":0.7216989515,"holdout_roc_auc":0.9735294118,"holdout_no_f1":0.4705882353,"confusion_matrix":[[109,0],[6,103]]}
{"oversampler":"random_oversampling","model":"decision_tree","cv_f1_mean":0.923443958,"cv_f1_std":0.0222476576,"cv_roc_auc_mean":0.9391265474,"cv_roc_auc_std":0.0212249422,"cv_f1_orig":0.5650929756,"cv_roc_auc_orig":0.8796162548,"train_f1":0.9328800363,"test_f1":0.930865346,"f1_gap":0.0020146903,"train_roc_auc":0.9331797235,"test_roc_auc":0.9311926606,"roc_auc_gap":0.001987063,"pr_auc":0.9693226835,"no_precision":0.8790322581,"no_recall":1.0,"no_f1":0.9356223176,"yes_precision":1.0,"yes_recall":0.8623853211,"yes_f1":0.9261083744,"test_imbalanced_f1":0.5332722833,"test_imbalanced_roc_auc":0.756127451,"test_imbalanced_no_f1":0.1538461538,"holdout_f1":0.6185531326,"holdout_roc_auc":0.9441176471,"holdout_no_f1":0.2962962963,"confusion_matrix":[[109,0],[15,94]]}
{"oversampler":"smote","model":"random_forest","cv_f1_mean":0.8934671312,"cv_f1_std":0.0330799177,"cv_roc_auc_mean":0.9529881678,"cv_roc_auc_std":0.0189879772,"cv_f1_orig":0.7832960949,"cv_roc_auc_orig":0.9673512008,"train_f1":0.8617511521,"test_f1":0.8485441799,"f1_gap":0.0132069722,"train_roc_auc":0.8617511521,"test_roc_auc":0.8486238532,"roc_auc_gap":0.0131272989,"pr_auc":0.9553764049,"no_precision":0.8653846154,"no_recall":0.8256880734,"no_f1":0.8450704225,"yes_precision":0.8333333333,"yes_recall":0.871559633,"yes_f1":0.8520179372,"test_imbalanced_f1":0.5692784418,"test_imbalanced_roc_auc":0.9227941176,"test_imbalanced_no_f1":0.2222222222,"holdout_f1":0.6258958433,"holdout_roc_auc":0.9470588235,"holdout_no_f1":0.3076923077,"confusion_matrix":[[90,19],[14,95]]}
{"oversampler":"smote","model":"logistic_regression","cv_f1_mean":0.9106299981,"cv_f1_std":0.0077403701,"cv_roc_auc_mean":0.9940516243,"cv_roc_auc_std":0.0069025403,"cv_f1_orig":0.9321637427,"cv_roc_auc_orig":0.9879411765,"train_f1":1.0,"test_f1":0.9074781428,"f1_gap":0.0925218572,"train_roc_auc":1.0,"test_roc_auc":0.9082568807,"roc_auc_gap":0.0917431193,"pr_auc":0.9940496546,"no_precision":0.8449612403,"no_recall":1.0,"no_f1":0.9159663866,"yes_precision":1.0,"yes_recall":0.8165137615,"yes_f1":0.898989899,"test_imbalanced_f1":0.6435897436,"test_imbalanced_roc_auc":0.9558823529,"test_imbalanced_no_f1":0.3333333333,"holdout_f1":0.5815295815,"holdout_roc_auc":0.9264705882,"holdout_no_f1":0.2424242424,"confusion_matrix":[[109,0],[20,89]]}
{"oversampler":"smote","model":"decision_tree","cv_f1_mean":0.8360208042,"cv_f1_std":0.0318226972,"cv_roc_auc_mean":0.846013728,"cv_roc_auc_std":0.0322384454,"cv_f1_orig":0.5650929756,"cv_roc_auc_orig":0.8796162548,"train_f1":0.8419673913,"test_f1":0.8548633035,"f1_gap":-0.0128959122,"train_roc_auc":0.8456221198,"test_roc_auc":0.8577981651,"roc_auc_gap":-0.0121760453,"pr_auc":0.9241810484,"no_precision":0.7785714286,"no_recall":1.0,"no_f1":0.875502008,"yes_precision":1.0,"yes_recall":0.7155963303,"yes_f1":0.8342245989,"test_imbalanced_f1":0.4790104948,"test_imbalanced_roc_auc":0.8529411765,"test_imbalanced_no_f1":0.1304347826,"holdout_f1":0.4859829987,"holdout_roc_auc":0.8558823529,"holdout_no_f1":0.1403508772,"confusion_matrix":[[109,0],[31,78]]}
{"oversampler":"adasyn","model":"random_forest","cv_f1_mean":0.8996453345,"cv_f1_std":0.0356437924,"cv_roc_auc_mean":0.9541363012,"cv_roc_auc_std":0.0236539941,"cv_f1_orig":0.7832960949,"cv_roc_auc_orig":0.9673512008,"train_f1":0.9044406992,"test_f1":0.9173198483,"f1_gap":-0.012879149,"train_roc_auc":0.9045360596,"test_roc_auc":0.9174311927,"roc_auc_gap":-0.012895133,"pr_auc":0.9601956004,"no_precision":0.8888888889,"no_recall":0.9541284404,"no_f1":0.9203539823,"yes_precision":0.9504950495,"yes_recall":0.880733945,"yes_f1":0.9142857143,"test_imbalanced_f1":0.5516129032,"test_imbalanced_roc_auc":0.9117647059,"test_imbalanced_no_f1":0.2,"holdout_f1":0.6336842105,"holdout_roc_auc":0.95,"holdout_no_f1":0.32,"confusion_matrix":[[104,5],[13,96]]}
{"oversampler":"adasyn","model":"logistic_regression","cv_f1_mean":0.8918868455,"cv_f1_std":0.0162802894,"cv_roc_auc_mean":0.9925670756,"cv_roc_auc_std":0.0052780559,"cv_f1_orig":0.9321637427,"cv_roc_auc_orig":0.9879411765,"train_f1":1.0,"test_f1":0.9168644068,"f1_gap":0.0831355932,"train_roc_auc":1.0,"test_roc_auc":0.9174311927,"roc_auc_gap":0.0825688073,"pr_auc":0.9950969673,"no_precision":0.8582677165,"no_recall":1.0,"no_f1":0.9237288136,"yes_precision":1.0,"yes_recall":0.8348623853,"yes_f1":0.91,"test_imbalanced_f1":0.6327982117,"test_imbalanced_roc_auc":0.9522058824,"test_imbalanced_no_f1":0.3157894737,"holdout_f1":0.5815295815,"holdout_roc_auc":0.9264705882,"holdout_no_f1":0.2424242424,"confusion_matrix":[[109,0],[18,91]]}
{"oversampler":"adasyn","model":"decision_tree","cv_f1_mean":0.8374791868,"cv_f1_std":0.0107720039,"cv_roc_auc_mean":0.8427598808,"cv_roc_auc_std":0.0097118666,"cv_f1_orig":0.5650929756,"cv_roc_auc_orig":0.8796162548,"train_f1":0.8422510921,"test_f1":0.8356842899,"f1_gap":0.0065668022,"train_roc_auc":0.8456221198,"test_roc_auc":0.8394495413,"roc_auc_gap":0.0061725785,"pr_auc":0.9056288459,"no_precision":0.7605633803,"no_recall":0.9908256881,"no_f1":0.8605577689,"yes_precision":0.9868421053,"yes_recall":0.6880733945,"yes_f1":0.8108108108,"test_imbalanced_f1":0.4790104948,"test_imbalanced_roc_auc":0.8529411765,"test_imbalanced_no_f1":0.1304347826,"holdout_f1":0.4763888889,"holdout_roc_auc":0.8470588235,"holdout_no_f1":0.1333333333,"confusion_matrix":[[108,1],[34,75]]}
